Models,h1,h18
SES,28.48548346,25.28230901
DES,26.21027905,25.11844211
TES,26.84204415,25.52998795
AAM2,25.71856921,27.13519387
AutoANN,24.04548093,23.35570563
