parameter,model,MAPE
original,SES,686.7061720710028
original,DES,680.5364251554558
original,TES,637.9025887665098
original,Multivariate_LGBM,647.1229998800164
original,ARIMA,646.7665342840662
original,Univariate_LGBM,721.6954279405571
original,VAR,795.7186102674599
0.1,SES,701.6073361859115
0.1,DES,685.8691106108083
0.1,TES,643.6375625253743
0.1,Multivariate_LGBM,660.5880428764696
0.1,ARIMA,656.4531751668642
0.1,Univariate_LGBM,740.579534380298
0.1,VAR,727.2310095315864
